x1,x2,x3,y
0,0.32022820373519667,0.7731171202566679,0.22692896246801963,3.69654844937924
1,0.7813113169847327,0.4950306988927161,0.7484801595575864,3.863030538628401
2,0.8182780871588559,0.8628871179771685,0.740024105776804,4.902027950642685
3,0.6134732861443272,0.642025781033855,0.9043625237684865,3.571121787249132
4,0.8192195898585527,0.5364973093586786,0.8502568840087005,3.978645158963654
5,0.2622364485924097,0.4719538715292476,0.37600870642327566,2.6205853181770724
6,0.3362946462897537,0.9028092127279674,0.2023091583431157,4.093597812346064
7,0.14342446510467843,0.4858304840758433,0.9055162832253668,1.7693333222782768
8,0.9084109269580162,0.9891982047235588,0.27870978326573337,5.949518509417213
9,0.8985935431487192,0.33251744537532335,0.6555943998922122,3.9014798429922535
10,0.04157586518913359,0.3532499651574954,0.022899779101319573,2.0149527293598193
11,0.5195326462891784,0.30451628908244366,0.6882797608559751,2.661608900717669
12,0.6318329879636625,0.18750060597106188,0.09418053499126178,3.3000699438273804
13,0.7104189070701964,0.20202058429542824,0.47934274015887224,3.186965441790287
14,0.10953061106059014,0.6069989728651146,0.10663769174602478,2.769451573598532
15,0.17716447113079614,0.16208287430744162,0.7237957012751974,1.242904897885795
16,0.6883232299250894,0.5046942511013287,0.36364623654779304,3.9930590809807973
17,0.06911952157327217,0.30162833948828727,0.36930542508457687,1.622123988355958
18,0.6120859360498212,0.9994131770940672,0.582348280619725,4.782442470264907
19,0.2987164360056894,0.8226583596164196,0.9482871878664563,3.034508019191661
20,0.6254940022841955,0.8029157831029738,0.380095749013206,4.533675715596815
21,0.3829936001896165,0.685332535355571,0.7765673468473028,3.115744792110474
22,0.9804303272997279,0.0014497492516980515,0.5359798334035143,3.4389355216249142
23,0.7209569991221503,0.6321813383604078,0.32144208870636914,4.451882254561101
24,0.47475389956947334,0.9188690768752701,0.937192325330167,3.8142420655664275
25,0.0035848497423258685,0.14662983341042768,0.9733688747140372,0.4339602580390096
26,0.9663238744711481,0.4441052857494957,0.5690386941521008,4.470196143635083
27,0.94999233759836,0.41313305342397855,0.5876854039067045,4.3251242424483225
28,0.7513020958455995,0.9196225487619104,0.15551389365375667,5.427448765787818
29,0.6132530287385389,0.39898549726888,0.545901311890215,3.321321517497602
30,0.5310071582330632,0.3700326257388684,0.3825971287591978,3.165505910287163
31,0.9996863256861429,0.39144746552652443,0.6137594384504246,4.393918202424316
32,0.8795759132857226,0.35449047871766803,0.8179073632065835,3.737046573444754
33,0.06920730862089242,0.9431561665036338,0.8285512373614504,2.766961104760311
34,0.3975719184922082,0.811288839974896,0.29493353284043944,3.9560043225734245
35,0.3477285359010923,0.3360601997391254,0.3167879215981856,2.5965481854529044
36,0.7955106631645887,0.4587722269558243,0.28509399167487215,4.2783685652084555
37,0.015507475011843685,0.7348282875937727,0.6944276629837213,2.2191654810362413
38,0.5010858423709659,0.8819485323655509,0.6976306868502357,4.04049817117654
39,0.7180495105394276,0.22186530238442292,0.7313617720751283,3.0074500155042116
40,0.572839840648894,0.4051434266215922,0.20899635762878732,3.5523817308718746
41,0.20897272342725381,0.6873395542568368,0.26349806700160483,3.111768988922248
42,0.5177509505589145,0.5955936005480722,0.7720429324503513,3.300193920596572
43,0.0562544266972681,0.5065399995353489,0.2926382945069601,2.1724749844232165
44,0.6708392615799361,0.6876299675128432,0.392521355500164,4.369071348021753
45,0.2947923646047629,0.376582081708024,0.11567602942844801,2.7401562686559005
46,0.022765860279890804,0.01952485524239156,0.006512316596004708,1.1405974023496466
47,0.0546176532046434,0.5292620408885014,0.5965606019727417,1.920447459862442
48,0.3141384588033159,0.7036039653449581,0.08469560210664773,3.646729687665695
49,0.5392285787537068,0.06111558871859768,0.5631266321889998,2.2373480758686144
50,0.033942826906668055,0.6075501193280533,0.5875054017268361,2.063198377313301
51,0.3700541646841268,0.919411158665762,0.6927733372618442,3.745917053454941
52,0.6288172176906085,0.05466001716139035,0.11982509210617931,2.933276603869122
53,0.8031270179085653,0.30969811929167446,0.7437281499056919,3.4698982020491904
54,0.08882259231624556,0.5817590807305613,0.9435235485236584,1.8073419302514815
55,0.9788395006688748,0.8734866538266174,0.004090207494223841,6.146144929078944
56,0.15167580121960977,0.3810347822479736,0.05643385730322714,2.381180501975536
57,0.6953450747197094,0.6066762496191455,0.20603438481419334,4.426691463392799
58,0.9456854200254075,0.7437258096562319,0.39872450300748064,5.327646281209321
59,0.8804193995088143,0.7991258071742611,0.969073266335333,4.699999450126763
60,0.7789646461569371,0.27756662557232703,0.6981669140768096,3.362643588324819
61,0.9941472630198752,0.5009051445598137,0.5249435468055575,4.739761103653603
62,0.072333129080275,0.2641691489557034,0.2074721262809195,1.6999501333491642
63,0.1773333599821204,0.38337945378331106,0.7721890009764703,1.7482597134281685
64,0.6685138617464811,0.006572697535853211,0.12539449065841424,2.9265788384206615
65,0.7718536020588016,0.27558578461913363,0.8680396840693688,3.16648558365487
66,0.7903859599461053,0.4057441532304902,0.6511246491512594,3.7643936137632816
67,0.7583407245280414,0.015270332151698263,0.5736391198372137,2.769558884126156
68,0.7226912166678057,0.36662914745107533,0.8898407440339845,3.2248057745971206
69,0.38534987684305033,0.4032800995290874,0.5437884962099319,2.6504613831419372
70,0.20458203626754257,0.8828627868113179,0.33917668349832786,3.5117263923325943
71,0.87176324159734,0.2054595382177089,0.38502436260610373,3.773914207730188
72,0.4923654603784958,0.7022493866367125,0.1388119386003016,4.1239079091269675
73,0.29202241644047566,0.20325682977712445,0.33396354927044647,2.0802457744937914
74,0.8800140130073106,0.40369297348372446,0.1544638738017231,4.52481059892952
75,0.7182785190935846,0.8850735823783146,0.5166955797469327,4.880823933479608
76,0.9335702391404673,0.40769917333561656,0.9999287247086639,3.8500299260517794
77,0.25833301558128763,0.5359359220394958,0.9178354055077138,2.2270034463348884
78,0.5827706980573498,0.7475604364665763,0.5148304859021501,4.132382699436341
79,0.045857228279064244,0.2845891667436845,0.8610230546447342,1.0180215470516698
80,0.33204012476540457,0.6409004546185054,0.20688002958940854,3.421491481253068
81,0.48782144399201977,0.11925847076202278,0.8234686546539726,1.9681418542271436
82,0.6199576451934234,0.1608328944887608,0.31182210452340775,2.9801330672787647
83,0.23627110998762246,0.28650273890560274,0.2163440368577324,2.238726140369142
84,0.2450862498851636,0.5547949842131279,0.42524806539597804,2.7269981447923324
85,0.37166542352448817,0.741943376205011,0.6559565692506564,3.343898141835336
86,0.08988324281043658,0.2516102922322737,0.7422909653227922,1.186384493689202
87,0.2977816868022075,0.7522924262091681,0.815510022501091,2.9885661034284516
88,0.37565557970903674,0.10968081006237063,0.7526183316185747,1.6785504326644618
89,0.1325058158297887,0.8049809573089388,0.5633447514903465,2.8766250892713665
90,0.8661842140756265,0.16450052051188047,0.2984409877044202,3.74136295580216
91,0.5726574635019804,0.6151146122433224,0.8984991731714815,3.3872597479427653
92,0.5216562348937328,0.9546681130877263,0.12956481574741707,4.852074171653098
93,0.915819071957854,0.36162096087091145,0.43746792782207045,4.24404169022877
94,0.15603723329588626,0.8166605754989138,0.025830640567933827,3.5139324980670095
95,0.7663250698629821,0.8441902489048257,0.13668799391425823,5.302762837936753
96,0.4512408463459576,0.39509141103788137,0.2099095231140402,3.1615415435185357
97,0.0647352794553332,0.7139071231437162,0.2923831982498498,2.71659044797544
98,0.6122835157308318,0.02012332386089022,0.6878209196400217,2.229337937204699
99,0.25802671826663737,0.5548657947912299,0.6729669920911647,2.5182776496868216
100,0.4342688975026633,0.14730069188594397,0.6284756345802568,2.072582787642593
101,0.05676945541070122,0.8623831445485098,0.5408771546504911,2.815389072952887
102,0.2181981994663561,0.13948086746508415,0.763023675321673,1.2702730917401057
103,0.9059622739327743,0.7382919770791369,0.6026034013077627,4.991013363188402
104,0.38203532189425293,0.016859427764407076,0.3077790197789325,1.910475515314844
105,0.030796112287297284,0.8754875266370102,0.13873080386396774,3.17237634959045
106,0.2711267783891411,0.7710716784315528,0.6889063394957192,3.082153191750586
107,0.01463335755970907,0.7740721177983225,0.9786236471287175,2.030456720046216
108,0.7488421764357764,0.549700969430992,0.3783365057132221,4.272442447171588
109,0.5704014210086933,0.5883853839891927,0.7444497274359572,3.4677179955631043
110,0.24563547154197152,0.35599938390047825,0.6587798874411029,1.9981249869360072
111,0.22522713231779223,0.7864853614111251,0.3227102632857257,3.349184537195464
112,0.8437942340446527,0.05979509717744158,0.6202389489153621,3.0906314961622
113,0.46394289605759276,0.6170067272162221,0.05796977980659335,3.90637572640674
114,0.11072272734945043,0.5102580207338345,0.506705006123498,2.1311082277594395
115,0.7464041892246149,0.29526795282938156,0.7828281896430268,3.224554260104272
116,0.6663663434779995,0.9470383274540038,0.5924932170331326,4.804201632035876
117,0.623175852521519,0.08106627993188598,0.24819365214161104,2.8539996052526604
118,0.9876369078257157,0.42961119839239836,0.057087160276870885,5.009851559181272
119,0.4441169413730779,0.6059335547601566,0.9002003379623397,2.9769843730572854
120,0.08397260629379988,0.6489612610740378,0.5140290076843501,2.390291963882144
121,0.24728588407165186,0.037552592476960855,0.7397382395422202,1.1260008938651376
122,0.5950794946135544,0.014855384529809723,0.5279483737454655,2.324428571419722
123,0.10573855511859453,0.4219717781379082,0.30103655082061787,2.1011085598799357
124,0.4752805693553226,0.5334227866657091,0.8681674615635904,2.92123121316665
125,0.6478414989274969,0.6303177576774884,0.7098442082342382,3.8394746827419737
126,0.10222700287053377,0.027003369908364383,0.2151570145541717,1.1890324188283405
127,0.9394194045001155,0.3316170337177716,0.08896712886912317,4.588333668925652
128,0.061055682071214146,0.9809901672650717,0.90177264161999,2.7638698227563316
129,0.5635150403711124,0.44926325285801927,0.6061646710040179,3.237538582254367
130,0.3860553341399392,0.8169103037310925,0.38547324663844407,3.844968515109105
131,0.4491359498783114,0.30022042368773705,0.06531622618715482,3.062642682667122
132,0.3898028469362437,0.5622683665037925,0.6078182639874574,2.9972611930807544
133,0.027603780923044496,0.8449053062839905,0.99766270753498,2.2274119009441296
134,0.023092543328214865,0.6182352410924842,0.12490647475604488,2.51995925795981
135,0.14291403880155895,0.4815359722969508,0.6272261557901435,2.0353558913569096
136,0.9921871085005618,0.4833878707800131,0.6423637047663976,4.572667297685321
137,0.7879660816514575,0.5719419375871659,0.011993206744848495,4.811759882177439
138,0.8393965476902505,0.3041371925822751,0.08367575148791806,4.224856873038521
139,0.5070749824479311,0.8784013129612616,0.36258712805382853,4.384641101693119
140,0.5577038976551325,0.9820726942009264,0.9264770314673832,4.231816397000331
141,0.2518191215960125,0.10009816504453772,0.08235826078112429,1.9533445166182577
142,0.8082603783160728,0.621563496067619,0.46737790635399756,4.541311968763268
143,0.10194628216857748,0.1677153565122318,0.3885555057238491,1.3665717320624629
144,0.4833311815575858,0.5538438498879775,0.27081639888526576,3.5937867705074353
145,0.11756123288679132,0.22777983671621338,0.20325121994445894,1.7488820705064485
146,0.6677425802887823,0.9495515974184456,0.45635390588903035,4.950752828523431
147,0.9370364103866918,0.2229384944486349,0.6872507545725178,3.711204712709145
148,0.5575913972741462,0.12365301552620145,0.6063177104238187,2.4055890202141232
149,0.10541354666030212,0.5113865982278066,0.13744326126438777,2.487263874286035
150,0.0935843946766498,0.9303342127987639,0.3482059960129874,3.2883827200138716
151,0.5016479121836691,0.8091930987221642,0.43809240759606516,4.119834075760353
152,0.3357550212905276,0.9150209693209146,0.504875272746512,3.8199422144273574
153,0.6593884661407579,0.5481046723062128,0.19444236945983395,4.183984709727972
154,0.7186799405513319,0.6745763646416449,0.6636854762615548,4.208795256996553
155,0.4152753582094172,0.7427363671864492,0.3107403650932389,3.821926627501136
156,0.27780734361913906,0.6759057507456292,0.05874800935399649,3.494438398367494
157,0.4502391054364979,0.30564865816948805,0.4736563084339368,2.671182653299277
158,0.9077169028587974,0.9103742753858143,0.032887457906533246,5.996198939134396
159,0.7871212379188599,0.9115668161773902,0.6990041298822426,4.971276624317814
160,0.2519854028204026,0.34775131479469734,0.49657697797405786,2.158757517473893
161,0.5607400655448135,0.2503870397016267,0.8768062671190242,2.461381528769483
162,0.0872631557941389,0.3159370837414246,0.4657953715204225,1.6158368052155556
163,0.025569601936704323,0.05791264576312083,0.5315130924490196,0.7199773277688954
164,0.1462540161868483,0.2945096617679216,0.3553909975907146,1.8496452053896344
165,0.7039075347277992,0.7694806279367681,0.35375839382727015,4.7116657801980475
166,0.31904681669611934,0.6978963678141756,0.1594136378639539,3.572467731759843
167,0.39572157071394365,0.12063455134257572,0.24557194126931536,2.273179149228955
168,0.3788752359014308,0.28622739631344607,0.6302476867159644,2.2519465117719433
169,0.20256064984469568,0.20263633120855573,0.2966880127512612,1.8475847648042152
170,0.4462953886050278,0.3306855851488629,0.22750404651372913,2.9680960821735116
171,0.8234688766773071,0.33759711746683296,0.5438669465183368,3.8005324771806666
172,0.2587174130813543,0.4673700324210126,0.45400685208594815,2.520570468210646
173,0.9728014129620586,0.34962733360923526,0.24060342959472325,4.581869143314541
174,0.5422512960034963,0.3667448930189333,0.37437024314514256,3.1992458774126797
175,0.6762637770025621,0.7873224252745447,0.5957396841266054,4.431357710067442
176,0.9623620313375588,0.577881335023998,0.61276886129021,4.749020570282462
177,0.28425975433591666,0.037227195242920064,0.6979814036920242,1.277865847423026
178,0.35858338519557265,0.7710848812858097,0.30107366685464365,3.732388691946598
179,0.5791586381499009,0.9943275840341258,0.8038903231220125,4.4494045514130045
180,0.9003744235109329,0.6589716991405855,0.5973940810679257,4.7811584373163365
181,0.9561143482367361,0.5938147655499759,0.3624797542540099,5.020400204331138
182,0.11286895974376565,0.8857304701863115,0.10583447280919833,3.4770985818878772
183,0.6638432752778092,0.6536778465239812,0.09668100782983102,4.5590434343135495
184,0.7995123610337754,0.8528569899575569,0.7297677846977848,4.8309117732974345
185,0.773593471014516,0.7737741988676974,0.38921113813380126,4.89600477207899
186,0.1378998395707025,0.7829486600070626,0.8818331097526986,2.519238058977065
187,0.37417844880234385,0.029400029533915184,0.6700901631228933,1.5559452571189263
188,0.1483018417598142,0.34413802407517935,0.593147546636778,1.742103038830613
189,0.8047734523529231,0.7135561402182703,0.913667491028122,4.314543216576323
190,0.3863605120910929,0.682182971019419,0.5579522158070412,3.336586748014785
191,0.3561930244882777,0.1290436915373646,0.8258678317989766,1.5953204705092678
192,0.3313984447892562,0.9703138225526474,0.049935308726808625,4.400044582022579
193,0.5957257002834728,0.08422266650449373,0.46156438666965105,2.5661693804420014
194,0.36782330856597834,0.3899118916432115,0.9602376712200948,2.1480119835858686
195,0.1746062510701959,0.049773200205553425,0.7770035271522969,0.9012482265721743
196,0.771279778242401,0.8799594641636548,0.5737971010400233,4.969940894096317
197,0.7789711035422472,0.9251843564689087,0.43100616485826704,5.248868036940746
198,0.3025341360659414,0.6426799288531511,0.8730187360531045,2.671283494277597
199,0.4714953375061173,0.06138857945677956,0.34528285201669084,2.2526746091436096
200,0.41249322163308233,0.9067170833969777,0.8527787936447968,3.681493579746894
201,0.3917612136470555,0.23203563053287868,0.2578097630533974,2.527562954219966
202,0.9677960806618199,0.8236415389093744,0.48521541425487225,5.507276675004024
203,0.7165210926731804,0.36553320588876437,0.9195865359757591,3.173809756765693
204,0.30262043991511756,0.8559518352269442,0.26014865854063585,3.817592249272077
205,0.17983427039347655,0.8355827831579283,0.7738504537353004,2.88460931533995
206,0.3183738967503116,0.7505548550071195,0.19893632244745352,3.66257250532128
207,0.5044151750484323,0.07432627622414312,0.4188658837197915,2.310195331985863
208,0.879971579107426,0.7467789679385674,0.8491960351334579,4.687666122035239
209,0.8776580009663871,0.5699894523503488,0.314193766195502,4.773753867579531
210,0.7624958829238107,0.18672305488949825,0.6291558164732145,3.1551394695219623
211,0.049137895071086346,0.9803347860186387,0.7283691933203492,2.8998814569395064
212,0.5527280700515863,0.03324910915549206,0.6115850092581873,2.1597219737853015
213,0.9879645254366937,0.776104812830524,0.478863833369209,5.455291775017183
214,0.4371044158783154,0.9047746630821464,0.01946031484931121,4.583789590491001
215,0.6732163366254023,0.7944912835642112,0.8331881864056043,4.20268903238113
216,0.4600292832055023,0.10264358807802687,0.39902359561452594,2.267673224197048
217,0.8934369361211782,0.6635517190640646,0.3285477658237055,5.040642340199992
218,0.5400106274412544,0.7502261264584387,0.6461148913353374,3.8794823071345226
219,0.10751900959684102,0.3016433979873546,0.777314616067686,1.3293509076912235
220,0.2521365413360189,0.43139516571449954,0.20155634688599133,2.6633411914083145
221,0.046214651194730116,0.36086393577469533,0.5846552172397598,1.4861485757811688
222,0.765396740539861,0.7276468971397677,0.2622912488022099,4.883016215666793
223,0.2873483875859859,0.7085007042470169,0.3401756457565982,3.3231212776189016
224,0.16022234502013777,0.5161413151190303,0.7169633809294861,2.0840569419285027
225,0.681557571834432,0.619944964445707,0.3721818224669121,4.252353304150652
226,0.3316449089199922,0.9224414350169872,0.8602045143414139,3.4708337999610306
227,0.2766766977818569,0.37840493369226735,0.25308704880850796,2.552955378767731
228,0.7046958201301645,0.8553830973360063,0.4625432974595889,4.820001906270921
229,0.9732205997068897,0.1023700717863576,0.5614575848143908,3.644129393772172
230,0.5842066909626208,0.46773717656458846,0.46842972851512343,3.4835332857842096
231,0.6876998809133926,0.19321639617962938,0.48283971845731455,3.093300914731936
232,0.3351899143689083,0.6088799190168825,0.8625808846645535,2.6951886559843774
233,0.3244682856683849,0.9320768404149851,0.9788803384944542,3.3547166195481632
234,0.5360294680771756,0.3506150868537493,0.8461756529560369,2.668450468409863
235,0.06103630225946344,0.6138014297359641,0.23572245702247385,2.5118900240958264
236,0.24168214827262657,0.09924454869780042,0.2082643912548202,1.7948934253075606
237,0.712128787717904,0.17441714931708496,0.3220813118258823,3.280347924620542
238,0.7400700209603445,0.08894288122350957,0.8436175557434806,2.6289497101963266
239,0.609937516582155,0.16938574185666455,0.9715369757562524,2.3117399286318734
240,0.2616820854552334,0.9178523245967036,0.7896869107494957,3.3199901571079633
241,0.33352238784500876,0.8862152007139014,0.7650099553677654,3.481095209952014
242,0.10289401902326045,0.18078046594127484,0.16682635530484413,1.6238068666181242
243,0.47862970860447607,0.9909917912774373,0.018975434258360013,4.924393169748662
244,0.7375947438130609,0.6769188118296852,0.142529919610334,4.792551341403062
245,0.6625051070191298,0.28528408219359236,0.6940778510448352,3.0366476754965346
246,0.5179317738630675,0.4307230144275188,0.017863922494198547,3.6427389351638007
247,0.4995163714281369,0.857471162907057,0.19960331493558847,4.4726237066164645
248,0.5518328907778242,0.7608337974960051,0.7780472791121079,3.809535886961377
249,0.6849753018517019,0.14996776096373532,0.550208107840526,2.9096372001239175
250,0.9996070696365765,0.7958826920528868,0.7215635024194311,5.296964436622515
251,0.7468042476898071,0.024731846955255543,0.20224985916431992,3.12999250129324
252,0.044255448065049774,0.13326744508014077,0.9733035898728315,0.5226313670226698
253,0.7304525140273672,0.5216911336865669,0.2630682631247626,4.2625171131737565
254,0.9236213661494639,0.5222153954001795,0.7735670417446207,4.33283554520422
255,0.1237530724751984,0.7776877087394625,0.6617194007248435,2.6837590885494076
256,0.4142035595904776,0.8264794735221838,0.45476087146271815,3.8840484911141737
257,0.4688110537656127,0.8231102457306023,0.32505378914291205,4.169154986480431
258,0.24462946713829137,0.21018332777187232,0.33846874037008257,1.9508779804744725
259,0.8366107034429386,0.9100538119804434,0.10250439129331834,5.712462248986606
260,0.2720672443152322,0.21013283557387752,0.3390883093969689,2.0324455124834215
261,0.39159629820276887,0.954059877921302,0.8109483488257868,3.7789902405857747
262,0.6346362130886226,0.5083881183757925,0.3622168825023059,3.8426620527030426
263,0.056451818208276494,0.28922651132538635,0.4645593295460958,1.4578624033921994
264,0.850136687275922,0.429251235297499,0.7220864453135142,3.931451704757999
265,0.580673934799157,0.9738906711684656,0.8649556051949678,4.341792877123667
266,0.04784439049930811,0.3279492029880514,0.9556020809787378,1.037804097989315
267,0.1471891108741249,0.8378498569515438,0.06667787767334266,3.499514097327891
268,0.07857131956849961,0.04147489595799503,0.7483558576248136,0.6210453409756729
269,0.543807917857483,0.1393301878556089,0.8288592798786691,2.1808899433328017
270,0.8251806295276282,0.036009833707819516,0.9436593609847168,2.651907111867716
271,0.5047569973908662,0.039531892990776196,0.25929364192694937,2.3838070827225892
272,0.49118555307665546,0.9501228038343053,0.7416593328531502,4.13720433596258
273,0.2449024467574168,0.8833913932259357,0.04224046617492405,3.9309453571621655
274,0.12012765246198576,0.5416628186857114,0.691939401606199,2.0526006024940364
275,0.9226870328564248,0.6278128311644476,0.18121658723760758,5.186376589242785
276,0.3175613886189451,0.2761074060861848,0.019849810431497583,2.6531028706407995
277,0.5766808551709542,0.047544807598730254,0.8082693717591972,2.0706352127504912
278,0.8724433021626071,0.5656347408445264,0.7883470409303339,4.273069717668804
279,0.2015939535029695,0.5468394423893609,0.48730837248127223,2.5145720940010383
280,0.5417220006752518,0.4396373913241135,0.9618992445083031,2.7923602358277355
281,0.394493531942274,0.540572680349914,0.8754795454863198,2.689432751215287
282,0.4186393945187272,0.5077116349146339,0.18236022359624304,3.3728370472465232
283,0.8841741516163327,0.7600095176905078,0.7577481828622931,4.824798066212975
284,0.6853531081696962,0.3690318320777074,0.7934565247432195,3.215182379960137
285,0.7809106483834876,0.16510848634439756,0.6631733387965983,3.1223298222148577
286,0.8829292974693276,0.13012752156856322,0.6151447901731281,3.388961906156262
287,0.131548469884061,0.28751461529208955,0.292336634125296,1.851095313757111
288,0.8632078750435959,0.09305106785949768,0.9851394856958808,2.8671118090836507
289,0.5354449505717067,0.49354792676518644,0.6380320184336583,3.232172650194428
290,0.7027361344015937,0.21126767653035194,0.6724462052036736,2.993931389326987
291,0.03131792307152792,0.7461444097392059,0.30241843105152133,2.686896362511077
292,0.44086569208606985,0.627724846921823,0.23014052181429823,3.6917686717484686
293,0.30149356620002077,0.7195505997128461,0.7928207972097165,2.940536400672461
294,0.03691527714580578,0.7451770351440926,0.6094807962998365,2.3942076229978118
295,0.21920826070728316,0.09267647645137889,0.7324804137662944,1.1868355594840023
296,0.5872167675936962,0.030094906407774236,0.34390265372525586,2.522984915075268
297,0.12836523008982892,0.10730478365040852,0.668518585703389,1.014839063692119
298,0.8494096275264761,0.9363564069358346,0.229062336910427,5.690057563008588
299,0.3681484702726314,0.24851688705349717,0.7193709604243969,2.0363666680272403
300,0.5634126428129568,0.07210993066402316,0.6758661404636199,2.2246466146353083
301,0.9858084144127541,0.06938867108095004,0.49283832659027027,3.668058594350367
302,0.8618985405167787,0.2628568559725214,0.23441198526502616,4.038425776216614
303,0.6477840681909223,0.7812654569772056,0.16811363757080544,4.758402209444976
304,0.35859586587675873,0.4908188496289927,0.8249764958805413,2.507858225822216
305,0.8468741778035203,0.4929770210876798,0.3433952412514485,4.459669844878312
306,0.9693428363044733,0.5277005927845827,0.6940515875838837,4.563228403290993
307,0.7930068715626039,0.18780702620409007,0.5135292392989222,3.365008940899114
308,0.573555375261319,0.2868082764739246,0.928255780250504,2.539431036718264
309,0.5840123622657787,0.48574641419109776,0.21675453369625908,3.779648588578821
310,0.609761065454475,0.29526502298343715,0.12059505186752395,3.4768507019544934
311,0.16920890511995412,0.569911469670873,0.28570174597131004,2.6767036435657348
312,0.037737160845637496,0.7757124619291713,0.529359334013692,2.5531333033461485
313,0.1599577416459521,0.4980177210431539,0.32294735854121237,2.431970169004529
314,0.6886083884724684,0.1939531445314724,0.7868045808326701,2.793903445913416
315,0.014285834350331483,0.24828362788444758,0.08018586282878537,1.6133807099333282
316,0.34248292084650067,0.45042266875028725,0.9416383041230482,2.2418671302921718
317,0.529635787007841,0.7511200644921563,0.5843333523361317,3.9123741699177814
318,0.32206007763596645,0.6046520327566265,0.6455733595580221,2.862236955241443
319,0.2844775932883009,0.3260274386140246,0.8685979813507709,1.8299033950491932
320,0.772376456542637,0.007175286643331447,0.39338672275521025,2.971680863481029
321,0.5425799570479632,0.16248206865549175,0.7822404008893042,2.281704641893315
322,0.6124751984807301,0.6374971242049872,0.06501034058983735,4.396158065364822
323,0.762597316235376,0.664269698960151,0.4280013974073249,4.55046479869918
324,0.08522643647303563,0.7125319252453757,0.404945127731955,2.662063994800591
325,0.49559715525137904,0.6563197792886469,0.77891612210551,3.378674791870244
326,0.28370497453853183,0.9610852309426589,0.3620660577667745,3.921761943205468
327,0.1833355712127388,0.3289959406757522,0.34910264349485953,2.0533939218327375
328,0.7580254692501265,0.8806261891903515,0.03777410568743733,5.467867775038821
329,0.4609792729532537,0.8400422911687919,0.4448560879696476,4.068187458812093
330,0.3859275067555754,0.8238233192930938,0.5449642051495674,3.702376613349893
331,0.2080406603076167,0.303756269862721,0.48919439722829594,1.9243182583513565
332,0.9312205659717867,0.890355302702926,0.6125922455751801,5.436957709097495
333,0.205685643785937,0.24411311302675254,0.7128451132758206,1.544494600648872
334,0.709214935393163,0.9613021694950465,0.7959015303521554,4.764998699564949
335,0.6968838724623855,0.5274758053639447,0.43689236580908763,4.00244876498793
336,0.24331090487801044,0.3454446462389973,0.38014296375260637,2.243401366478918
337,0.7220032122860567,0.5390535417031522,0.12189647853559993,4.421747012580451
338,0.10682405045127796,0.01742512433216703,0.014989313527850823,1.3790456486564007
339,0.8822452194322908,0.930451608602789,0.36226206963680885,5.640602610167036
340,0.7673897540703456,0.7953503699014233,0.22290659038347405,5.097638596581121
341,0.14127964325587883,0.18297175997656623,0.9663914213386028,0.9448769083704492
342,0.06978286962579106,0.5929706876356806,0.7005278767307803,2.0212474512357943
343,0.2849965343736631,0.7889979303042598,0.01778468312739412,3.8396997457542446
344,0.7188294960548749,0.8339620507283898,0.9774840713826685,4.293909543602931
345,0.9005344932328568,0.031205128864117526,0.7192534680031657,3.0903628338556985
346,0.29467827394930424,0.015063450675825818,0.36876309749513014,1.5829303510423471
347,0.29015986065474497,0.6523716774756401,0.6496088351912717,2.8817999404620633
348,0.6664342028027684,0.6728669836182949,0.02847124289584735,4.6829988245581955
349,0.8849739390749015,0.013893699889447664,0.6253361270271939,3.0943199399211294
350,0.53868891226669,0.4797066324060745,0.46358994159283484,3.381743376222421
351,0.6984491771121885,0.949363957013324,0.7208704841757675,4.777886939694108
352,0.0054906031025282465,0.6307723525827614,0.18353192422957187,2.4398707665349164
353,0.5564607573104893,0.4343914127138363,0.6177617947978464,3.167599008918212
354,0.4111553979062359,0.8354447173172493,0.7652003417121956,3.5868776452996354
355,0.08918871730601474,0.38433599863096224,0.9666532600894174,1.2917528884060323
356,0.8820732747526195,0.4967617665509467,0.2834060790708498,4.634718161564376
357,0.6856296645542994,0.9415583010154288,0.07955912847926894,5.3612256177222015
358,0.8887928838714083,0.2151983756578998,0.5449458386016317,3.6894287521573426
359,0.15062816878009844,0.8537856359516042,0.23814290838486496,3.3782056878344404
360,0.8972299618510367,0.7431114352973643,0.9249412209075635,4.6545272528889585
361,0.512577744280425,0.5419655079591938,0.3978852543196201,3.5247617484196394
362,0.39034456909349025,0.7358574362122439,0.8521436220238733,3.1885336757872067
363,0.08199506236227239,0.8548516623165048,0.6654802926952259,2.747634050182853
364,0.6067064217676448,0.26439906255899126,0.8403297645104258,2.6707871571899866
365,0.4970480855568993,0.6033085504993659,0.17775319497238595,3.8516624379467266
366,0.0424077517950755,0.12321533764840942,0.05621472127472715,1.4090468782315229
367,0.02311663416071963,0.29718665412589407,0.40793701764796286,1.434379520148931
368,0.14092575332154278,0.4949662633687866,0.6153096245984544,2.07488329378814
369,0.4802983460780721,0.3473853633382675,0.52416264818699,2.815195798392895
370,0.007160226174542594,0.90000884016382,0.7873994779536055,2.514103300979572
371,0.8579346716985521,0.21898116713708027,0.10426334714262009,4.046993585795737
372,0.25037747842449387,0.8319210720293294,0.32472361735103683,3.5362114979957684
373,0.1528957553824648,0.9850979908757097,0.4634559075434813,3.4879763357931868
374,0.7329563512438544,0.5984946324708663,0.605065783827686,4.120039851081043
375,0.057089582635355796,0.7803928372509576,0.13190933958114193,3.0203415014523194
376,0.26930758238189767,0.5143005387436103,0.8940272837091748,2.229646810295544
377,0.9578345261876573,0.9008362283192027,0.7307382901915151,5.4248558591694644
378,0.4478981572081213,0.11751975007938664,0.6293311006313252,2.0381627461915053
379,0.8696439765339665,0.008267503686459676,0.2379858573562338,3.421614831461815
380,0.871537114115024,0.7416118339547408,0.8873369891669427,4.611303938064982
381,0.5384758637873142,0.26157120790956745,0.5534355110776009,2.74592010005826
382,0.1754366580453185,0.568042523358271,0.33693194555260153,2.6394843369790313
383,0.8667428427013959,0.35647664778580124,0.2520476288995849,4.269372518669106
384,0.5130256930799012,0.2389081886808624,0.06046255726877914,3.10588499367308
385,0.4109957784321836,0.14506534623411493,0.9518064843775872,1.673844216504251
386,0.7893484579716663,0.9911643878101736,0.7497753145943085,5.1261810288461245
387,0.9422897295856042,0.12627152088521643,0.5727562982340454,3.599791692735808
388,0.800217008059012,0.45865717281666685,0.2684064056115878,4.308887550607116
389,0.940603852012818,0.757909575450549,0.6550141472935869,5.09157134737124
390,0.8615153459952569,0.8226272649147651,0.34827216726775545,5.322842033004928
391,0.4949269975952302,0.2903521515323795,0.07729790410103354,3.1633634675156057
392,0.16698139889621022,0.6694664513887455,0.49133345680705653,2.7132768683534376
393,0.6009934075475608,0.8553510698578417,0.4159443191620411,4.555413578125246
394,0.21668420872438776,0.5332287331042324,0.2880404627718256,2.7250839961619184
395,0.8835843406345066,0.7625534855680732,0.1141669408281607,5.472969794995543
396,0.8430749455727429,0.35374851017275366,0.6907761800842576,3.752819932065855
397,0.7001482186284239,0.6146199313172093,0.25937949196397647,4.407614992214319
398,0.2707296436733435,0.321437333165814,0.7146339740123047,1.931148289922261
399,0.3703905615163199,0.8394136204607523,0.7034171837707272,3.536288551930113
400,0.7025280801964793,0.4246981081997291,0.5001810207595042,3.699148490329256
401,0.6247132978586446,0.9264990165916314,0.2805832838553881,4.939804151199624
402,0.13426362396317937,0.8904030601264464,0.4808180682789174,3.177980453926737
403,0.4712582211914147,0.15336955303903377,0.21354192818417994,2.6136566179876484
404,0.6854995655753258,0.522830354089628,0.6529758251877569,3.74059875676229
405,0.42147209256144813,0.5057900377267052,0.8214368300537004,2.7374545419474066
406,0.30133617906613275,0.8032968647311581,0.6560351695600567,3.2862155294662365
407,0.8121926885777344,0.8302786515106259,0.7710792232668409,4.771195471242928
408,0.05533616541095465,0.8757316589966465,0.6332584227606591,2.7520792209638207
409,0.7624652292797479,0.7029630482370397,0.9332976220675612,4.141505686364282
410,0.8062092913585337,0.3752340509418265,0.580918153636429,3.805794847793738
411,0.47899206731836697,0.46469422326262344,0.7409217893388418,2.887789970772818
412,0.7212377302438431,0.18135494886844838,0.12882984228171257,3.5182707206209374
413,0.7845133134897526,0.4390454912100388,0.04871950537105685,4.432434163123298
414,0.25857400513754103,0.15095143204522088,0.2533492821714596,1.9297513133542157
415,0.017147042270910573,0.5755561005306857,0.5803003908060935,1.9400309873333526
416,0.8042664318367452,0.7613087973538857,0.8332521303262999,4.51281915856865
417,0.026051199336698194,0.09987296368529985,0.14191286897277666,1.2159231382505675
418,0.6783713434513995,0.8227896979457543,0.9724376206093603,4.149650654609224
419,0.2674048218662868,0.9850752974835386,0.6870966974472347,3.6078060118604722
420,0.697094633886799,0.1580259146830063,0.1690684640759511,3.3472802242919615
421,0.9308368820581152,0.4599975078542886,0.6025911626334765,4.369913253176591
422,0.07196275628174553,0.17791462649571999,0.8214056761977583,0.8692691588867784
423,0.7622793007311041,0.6470216656769402,0.19716331716882574,4.737228749216837
424,0.7348959559119218,0.032855479376913466,0.7353886430087041,2.5814379231693447
425,0.2945548108512511,0.8802821062333306,0.8038262103020625,3.3105434878350173
426,0.5243613509270667,0.15183989436307033,0.08024113620137563,2.9024426524875
427,0.9745972289559472,0.3757494752379301,0.4566925876900425,4.436472787272625
428,0.35134131070706365,0.2767283632753633,0.37667026253730806,2.399174577772291
429,0.20703382582032925,0.7389155973322515,0.935704576841019,2.5626858939505976
430,0.5467331952473159,0.012905017816851605,0.8614668743544605,1.8409952559296163
431,0.7237202798362199,0.41271629352341044,0.3663616910823678,3.8665898822348175
432,0.7688994880440554,0.8750542331983785,0.8139809518056121,4.7103530953225015
433,0.25554492531151485,0.1022445945541326,0.6819431618091151,1.370303100510761
434,0.4240910151608108,0.28011667196700507,0.10138035563011039,2.9011843697698345
435,0.4074407317212547,0.19355001673173045,0.612071366427148,2.124125870565942
436,0.9284708064967887,0.6721864295587157,0.7826758679770631,4.7132026254100925
437,0.1023883218358066,0.7142913605283516,0.33325057430520033,2.789642792523098
438,0.030375516469959285,0.563699218828499,0.16290479139061032,2.367469805090515
439,0.6007603844124821,0.8162178163961161,0.5030065873811619,4.369819106846575
440,0.2697119169763127,0.8407411836249565,0.5708458848874283,3.3701428251039007
441,0.37312209905316707,0.2948204107310567,0.7922489586291669,2.094168365357976
442,0.30722377225517794,0.4037651578926509,0.3961283828788059,2.5649558286183547
443,0.9148952328608505,0.3169560763850219,0.9631188145444153,3.603957075000691
444,0.3533264520341203,0.42952271869376,0.7738070485814257,2.389979104255335
445,0.738124148846384,0.40398914517889184,0.6117269156268443,3.642618393859537
446,0.67996356272766,0.7774178746798981,0.15783835039187177,4.855597024490854
447,0.33160833063520534,0.39824198654474174,0.005277163162382581,3.0151527951050876
448,0.7968649857750535,0.6028598082719197,0.2041257929319542,4.7236186850730055
449,0.8806037993752739,0.9604693451368266,0.9584698829270943,5.1145148780407945
450,0.007578555090378303,0.9120950026095963,0.8043498593115394,2.528623312483586
451,0.7315888503089591,0.07180252546557775,0.8751481789858686,2.529124685604953
452,0.05616645400404552,0.30017776013742703,0.4251699781483871,1.523773784207317
453,0.6369996818222378,0.5236993942772948,0.6027834259268138,3.6474641052331362
454,0.8153613915739639,0.23006099553239623,0.2555055206286734,3.795731142924209
455,0.6061054687679183,0.7386324505371744,0.20276700353067323,4.492130529116018
456,0.9188084732470211,0.6030240303142868,0.21362489528749418,5.0803606002392865
457,0.2396520931489039,0.35617095760964435,0.06312049853962609,2.576263174931196
458,0.18945687608070494,0.633279561322574,0.38050202312576464,2.801067508422785
459,0.5190018999040317,0.8310226208813319,0.5478820767114821,4.1166801752039435
460,0.4054521819370813,0.8654633462796645,0.6555792531578778,3.754435658352527
461,0.013426651229786146,0.18441702260460746,0.3701482806716164,1.1611742295292606
462,0.32282490705706324,0.4724990005270676,0.2461908440306847,2.933531378458174
463,0.9496168187356582,0.6472268634339434,0.5332956955810115,4.963621919210822
464,0.0922970909530677,0.0645650171562997,0.5659161877245571,0.9023876280253953
465,0.5327122572655177,0.5561174523247032,0.16969260194512226,3.848737800663189
466,0.8413174565553257,0.24613904278394172,0.16059890298950585,4.008701073636326
467,0.37272068132386316,0.9541789852391953,0.34190015072351465,4.191709356346063
468,0.21338383506548786,0.7060193312685427,0.7437412430335815,2.6914585903342387
469,0.5125897455742081,0.915343261131089,0.0015851132726720785,4.854542276277676
470,0.6292993825395913,0.829283765663082,0.34684160744047676,4.644265954336002
471,0.7063751270400459,0.37159377793046977,0.17298939775445699,3.905120428191855
472,0.8518134024248426,0.07964686580441582,0.17292499827898977,3.6116323735065774
473,0.26559390989680276,0.9508468520013629,0.7602632098563356,3.44363564983748
474,0.10133724674286981,0.3491047083836879,0.8132490574709628,1.3935244537168665
475,0.9168939397862181,0.5387242742385169,0.13605154537680952,4.991440959578137
476,0.12947204448560246,0.7650187251505634,0.1932295084767942,3.1377334378564212
477,0.5599301523195902,0.07014910654465722,0.47972231052472036,2.4054409127956933
478,0.37181849004831724,0.7005333825438022,0.5018417686850123,3.3949471578194443
479,0.06183014603671444,0.711499173392576,0.3239942964311614,2.6702440751604217
480,0.16831008425298,0.6892656939392854,0.1664452763061901,3.0916492113009633
481,0.37558961155346915,0.6589916941595862,0.5977567700469743,3.2064913000123987
482,0.42389584881009035,0.5315414593456362,0.6179821292186476,3.0125590655757137
483,0.24287568082450117,0.735545152638577,0.650281500258313,2.9472084238116327
484,0.18812416505896346,0.9259116073934011,0.6701229811239101,3.2390285325364823
485,0.4467314651498244,0.4544001193628493,0.3225339753751836,3.1836607184814127
486,0.5289071709316377,0.6797984238373256,0.46526126701973625,3.850956305368491
487,0.7417171791608914,0.2816264876819088,0.9287419668305105,3.030475789856936
488,0.20039893942075615,0.08854913404990938,0.4966478319016413,1.3559218214854007
489,0.6895142905199524,0.11479419028655491,0.23479239677121688,3.150735950505027
490,0.019172750926805815,0.9208352961100048,0.34261236491641467,3.0469941281390143
491,0.1637752671308268,0.09558109373642454,0.606784699314877,1.1534938364186649
492,0.7317818425489754,0.11831797232144647,0.4144239008068855,3.1067165576436566
493,0.5649387221959614,0.7784419196085527,0.9309619691962402,3.7399589964130255
494,0.7994808149179932,0.7066877329893237,0.9276026332025664,4.267559144024723
495,0.47724808638209715,0.5916542098709506,0.40519949773473884,3.5356802860889287
496,0.6630021477397157,0.6052770032302308,0.4008080954090296,4.131390855885694
497,0.8497848777864804,0.3887908563230962,0.8507757254428715,3.7005560487243097
498,0.021974973906637718,0.0944522588548723,0.8882735760820639,0.44378199277502994
499,0.2045379726783252,0.8406816304286454,0.7197081556676924,3.0256098384388967
500,0.03159070353323734,0.41204507037771587,0.057717978021652905,2.0971668085223487
501,0.29182439129357807,0.5653095028915321,0.5876559505494792,2.731090980560085
502,0.38282519375402935,0.3719148217406474,0.9312270985659229,2.1770355370477836
503,0.03929080755396719,0.9244234183981761,0.662575686193975,2.7963552824633666
504,0.12920577026483837,0.9880805159174724,0.970805164398802,2.917013436189394
505,0.5180556539445613,0.2573918159934492,0.9541140805687693,2.2735324212485373
506,0.16569717364391845,0.3980256156433509,0.7528246902369251,1.7693308698032078
507,0.4478109285348443,0.11855774742984293,0.43670337823257366,2.2331237759465665
508,0.5413458688366036,0.6056125057413845,0.2197733055431973,3.948295565320074
509,0.08440988718045139,0.40675115474383206,0.3995045834614346,1.9006029649394998
510,0.7222357270093273,0.815406267009945,0.7443923136624169,4.490830534890427
511,0.21507564717244898,0.049369816717974135,0.27068737289075107,1.5279641104215311
512,0.7074465535591165,0.9300425295247247,0.443504130686561,5.0339418538026
513,0.6461708756184381,0.3169025461042869,0.6956932392228108,3.0650757528932204
514,0.2190281168583358,0.24280118218952806,0.8767427170747987,1.4173445889740288
515,0.08224132034698706,0.5172180634465122,0.8621568432130952,1.7076122764441466
516,0.2833591044577203,0.18572297800372295,0.45011925538853226,1.894265502993936
517,0.5317727917889751,0.9123353284456693,0.1701233612470815,4.736033335234017
518,0.499567228537834,0.04186925071587366,0.6002742374366289,2.033100574966557
519,0.855882324621824,0.7158827883223413,0.17916992359317174,5.2081840210781545
520,0.21057103504661834,0.6562833479019397,0.0198095492506839,3.28261192564402
521,0.8439396611811486,0.8610919174208959,0.38990580551733633,5.324642971578349
522,0.4253238850781811,0.3372738024920703,0.6262165613476575,2.5229396001170614
523,0.6741434475598624,0.3653611247505417,0.6431270064443436,3.322706148111598
524,0.40734973483807546,0.2762148858996978,0.9272013575967494,2.0153850616667213
525,0.05899372060305108,0.4318743548375005,0.662287754048436,1.6243792948544684
526,0.029491156333794177,0.10475156909780337,0.10111863345215699,1.2792337582937339
527,0.49208215158896274,0.6538847255844108,0.31275470196501787,3.8282035667628977
528,0.13394015729387998,0.22320274891750358,0.06057356612185505,1.929253778053544
529,0.5515349382549666,0.06128113379203193,0.031389570211740936,2.8064180790332385
530,0.4601724974654635,0.047689902203903234,0.6980218089643757,1.831720438941773
531,0.8112368095634495,0.6990385367551225,0.3592635624643511,4.8520432081138045
532,0.849126405574486,0.7484114627251556,0.6769248815736367,4.771482991962711
533,0.2844498791446278,0.6663630178951733,0.642653703630114,2.9066034785417028
534,0.520099305797022,0.8065677762271153,0.7943307828482099,3.8123865751106445
535,0.5639172791704631,0.8768163997609095,0.2545549683134999,4.659237868600163
536,0.013356500309495645,0.5200104427522907,0.6429705705563719,1.727125037252842
537,0.43052915514445256,0.9109946212878263,0.9579520115580256,3.6411220070948978
538,0.644162161503469,0.4201124523065811,0.8272719257237663,3.1854956895530937
539,0.8894234723012306,0.9405286831213517,0.4589097298402075,5.590682394866864
540,0.1962134158901101,0.8432326470219047,0.7102768640702439,3.0164450011548483
541,0.9510941280610096,0.41654533349776524,0.3696423950535045,4.5550033228739375
542,0.15897924937621732,0.5758126001276856,0.5481000566156589,2.398369191832207
543,0.26611362327885724,0.5725879997809648,0.3787189597313496,2.8810919095576337
544,0.23102619609348718,0.24263584916020964,0.4187193214356312,1.9109488897453544
545,0.5589599529992018,0.45861975599973237,0.33439705990300495,3.519032189093931
546,0.4386773286838427,0.4041026109920831,0.581575800655783,2.774712712875953
547,0.27441511389201245,0.3107502922513201,0.1338561368864598,2.496264935417878
548,0.16647617535649462,0.14456997931389337,0.7463593563688489,1.1444941179853685
549,0.04888661282342799,0.5343331081727881,0.9714623384871994,1.541030270415055
550,0.8450226533519622,0.9120783782750996,0.912584686482115,4.932679219261522
551,0.4853830045289935,0.5109871644610593,0.17402073414805352,3.5895961905915748
552,0.17453440358710404,0.8283511112348937,0.11687345709317853,3.5076075317553674
553,0.280096034204235,0.5924885313894516,0.23207808266546515,3.1194313484208687
554,0.07355244692100404,0.35999339532984054,0.14330949967291784,2.0073313294146957
555,0.7732768419993896,0.009508549270443423,0.7000609276414566,2.673540971532821
556,0.4324804276657189,0.9570685947640084,0.7408556237024414,3.9792571462047364
557,0.635929204329812,0.22001613757019955,0.48895760743674044,2.998870349478194
558,0.6196328102529535,0.5371504073724525,0.14460745830758526,4.087166990882406
559,0.15095825390501416,0.6911418423430705,0.5259539109936587,2.68477545657906
560,0.955682444863385,0.14127969424456244,0.9719136955226453,3.2783328746789153
561,0.14991023363026945,0.9675757391830431,0.21933519539559498,3.6793348534528207
562,0.6287748927892131,0.14003081012714869,0.375427933265185,2.8909737704203256
563,0.3542220967482438,0.006527788608347129,0.14527349946753831,1.963712262298061
564,0.5466266880684367,0.3402789999922148,0.6069503469330567,2.9136272172527904
565,0.9867124105074474,0.5050525392357814,0.4351191691416788,4.817649410470117
566,0.9815370336465922,0.028679135024530344,0.34293521628622836,3.703373722214874
567,0.48187207682792477,0.7527812968557517,0.4055342203887504,3.952035252234403
568,0.43897889220992914,0.8983329609906828,0.012179804406969197,4.580589274699526
569,0.14174407704336833,0.8678766325045272,0.13248480295882648,3.4924390094325966
570,0.9514608066156945,0.08453600469095246,0.7837973338719203,3.3119250977025443
571,0.0839766092420916,0.28659543248035435,0.3748816077276723,1.6235368011994884
572,0.8886722165015426,0.8939224817206326,0.10104122649504232,5.829781627311167
573,0.02106971252800416,0.07917941944786189,0.20673598006192628,1.084421706141741
574,0.3402531357631794,0.026490090836422953,0.5194140091730405,1.597570625207555
575,0.5202969160306444,0.3163276307680407,0.2427895489631382,3.138920276048897
576,0.24476339076455345,0.4908894028449059,0.2358624888014127,2.7556511906045125
577,0.9303175983718219,0.9752179176998109,0.680959913468715,5.578037675896279
578,0.45394098488041534,0.12322741893982037,0.7567051531599841,1.9431863488308132
579,0.7648277699806878,0.4710956632904918,0.4646509048385167,4.037571563329776
580,0.5423390338510736,0.14686601752005668,0.7279450559612848,2.296237089392078
581,0.21327045380491083,0.8899997583599571,0.6590014851636886,3.2358092721509366
582,0.5385255508867777,0.33735035167351124,0.0005371863730992965,3.4884153454710116
583,0.5664560093115049,0.6249102865793269,0.24606083169246196,4.04558291269037
584,0.7877721750020223,0.8390708496599518,0.4915667196441542,4.999426929511793
585,0.5971474042546462,0.5532743382904146,0.6010203610736189,3.6036076974163556
586,0.7796410353760804,0.8629341164352715,0.9538140568791488,4.572444340337271
587,0.30615454639229944,0.1778661716827762,0.6337614364604923,1.7593676319233464
588,0.9462068015291736,0.1690455276240851,0.5816617725686727,3.7095724510790604
589,0.9790038907009938,0.17980521409631955,0.5740287223776988,3.842495984966081
590,0.6985485420886033,0.47821870206068273,0.5244866903693906,3.796705691048126
591,0.9448425213368832,0.0009865884917670265,0.07660801967981412,3.7903860155602525
592,0.6819606379567607,0.28759799007615994,0.5294657931849878,3.265411095875694
593,0.7376991481760401,0.33955927923809426,0.3333796482182101,3.7586159944051456
594,0.6569006678961772,0.5569129176553955,0.08040649795070853,4.312577799876312
595,0.23985562879716282,0.31258506128538344,0.44389945277206144,2.0871300868328855
596,0.3469761246841453,0.4480771005490165,0.9963530817039933,2.1947680437209836
597,0.4509145419379885,0.9950814403791043,0.9162555720849395,3.9541916546767863
598,0.11692633320343127,0.22643812270939156,0.23787602347614134,1.7089982829076313
599,0.3182326434126749,0.6509937892348002,0.7081331128820237,2.9040492904430013
600,0.9058667038143362,0.762089205651873,0.36075649030767687,5.292066635265015
601,0.03132268783338599,0.9228043707502929,0.8295390386362236,2.6014399517396662
602,0.5049839310790901,0.2147469950116061,0.558335659076036,2.5234836216902496
603,0.49938821104621034,0.817158434969995,0.6057163371105796,3.9653443834530386
604,0.7640835836139326,0.7740233775711675,0.9894960385734667,4.26781315619625
605,0.9517305497456607,0.7058774709668024,0.2047455209469078,5.445139805707081
606,0.7051883224320628,0.41784600187225795,0.44523867868894773,3.744941293287885
607,0.6822286912621988,0.7522783010007806,0.9764322174574163,3.9809496088311316
608,0.501920791219141,0.6618588774409687,0.40815675531757345,3.7822528119422714
609,0.4840613468463081,0.5710174008602138,0.6572492005311769,3.2524783421582817
610,0.6242399897168162,0.48944505658783144,0.322312723607991,3.8040198870120356
611,0.27757093539733546,0.9956174708177177,0.5818948657389738,3.7698616174973263
612,0.34275180674160777,0.9556641406626531,0.05667672420198633,4.39073904767947
613,0.1644605644944196,0.1429003895803166,0.40159882772853583,1.4790338397055145
614,0.8850770694737632,0.4382375659177966,0.2729044524669171,4.507920670748865
615,0.2729657749760763,0.5429799162724275,0.21041366119652938,2.9959334544127683
616,0.5674084578184959,0.8513550497317438,0.8686650230200555,3.9919479747647912
617,0.22640533875927682,0.1619919174937957,0.434413380064292,1.6797824299480277
618,0.09867579664138959,0.7459882115671412,0.5668407793036048,2.624157139538417
619,0.36018530367957435,0.5293050292693238,0.5646958539337102,2.869122630278322
620,0.17143441115207225,0.6567596709621877,0.22549801755388132,2.9607043933078043
621,0.4579400874543734,0.7695283048101725,0.5094672313155589,3.8181737930729924
622,0.6281706545429658,0.7746034107858222,0.20130893812299766,4.649711552470456
623,0.40935507007000604,0.10145306498648032,0.8228924054388319,1.6888054672373871
624,0.7279776288529761,0.3596423134512423,0.7852010133802187,3.3278376568068153
625,0.47464583736417587,0.9756402220725875,0.693161771651477,4.199876295622519
626,0.8588631298975611,0.38455859779288226,0.09767855481039744,4.470307329364492
627,0.9628969529120511,0.2913424622666846,0.7411591029441432,3.9058879114587217
628,0.23654083201793186,0.8025253614082788,0.40527886005445835,3.3406570395200337
629,0.8802757801569496,0.030619648294042512,0.2729015036765543,3.4744749575294005
630,0.02757494204546085,0.10383704990819942,0.4092546781052976,0.9630627728015835
631,0.710317233040994,0.4789064763389984,0.9352326095385667,3.422985280431911
632,0.5694458251457613,0.3198939665432612,0.9857167516474834,2.5523556401479532
633,0.8737452183060086,0.04119454549922197,0.6729543590794588,3.0812676595866217
634,0.7284408587529929,0.4750175693526636,0.9520854500099604,3.450781049630677
635,0.4543656144456403,0.8487527372820919,0.2395104332467195,4.275468253295432
636,0.7510985706782669,0.07139561976037068,0.07901138770578608,3.382773373729941
637,0.8164362407083006,0.2158546752407018,0.8008170707082664,3.2181283395183895
638,0.034368809411398304,0.914706878054472,0.9715538770152723,2.448319746355103
639,0.0072548796985698605,0.02290534644278941,0.21810059445795926,0.8909274107447238
640,0.7808394375245045,0.6492082476980054,0.6250418416176536,4.370497090200874
641,0.5255532819113029,0.8877525167884864,0.5594266408270135,4.266614496878112
642,0.5629088234510643,0.2938057023334413,0.5272995962802364,2.925941129906559
643,0.24208822713880895,0.9211280010319358,0.2756375901690761,3.7834470938271902
644,0.7894501859397359,0.8786664410711013,0.8942485564452111,4.7007681040517495
645,0.01728424764095038,0.691616511415948,0.9382599824565556,1.8726340390061658
646,0.940176531293964,0.22393065042738647,0.610967378752378,3.7993888411979797
647,0.019717372106505704,0.7254349516349575,0.39910247038146884,2.5036370250254416
648,0.7291788612024611,0.9101374672284589,0.2096590442350923,5.283221207443439
649,0.3464394856825548,0.3611529164127971,0.20792429716708682,2.76427645091257
650,0.2635197236975714,0.729414252070802,0.6624768645685993,2.9816179367011197
651,0.4528923802369157,0.8591613602141469,0.12738237389028206,4.409198167355833
652,0.22491725127429973,0.16816183340073965,0.855733917316008,1.2694224200087405
653,0.4157788610036942,0.013295192399935485,0.7392428868337925,1.571331677177129
654,0.5185054474594575,0.8671451886751511,0.33702013445671264,4.416359179609537
655,0.21564478538429266,0.591787127431855,0.15964928137075718,2.9967528933617578
656,0.04025409844741301,0.4243282404626064,0.5236100286030054,1.6879728678957495
657,0.7939003599351048,0.05491480515964697,0.6575123377443208,2.8914757549601107
658,0.06995559876526569,0.755503381627872,0.00033913307450517127,3.1282861172909717
659,0.039955663926631524,0.04842306165702903,0.9850857772865627,0.2858388686359046
660,0.743993397325639,0.5416718898130474,0.8137918139680149,3.80236810254152
661,0.040203140960260675,0.23218619660416673,0.43410135585015885,1.29697355854104
662,0.42850402266023846,0.0491581315834384,0.056816557128036016,2.3815908398112753
663,0.43902054027096493,0.15706099087937953,0.8652087538082699,1.8745053442030735
664,0.9952471539767199,0.7408568499583653,0.08641730392829883,5.781466282897775
665,0.3722401231109559,0.2202930224540366,0.47500813700405664,2.2224447884639025
666,0.8298162170437346,0.6842604267996861,0.5472432925970581,4.682856425533362
667,0.23758109008299144,0.5233005205903747,0.4352666899994866,2.6157278817254244
668,0.39933031425917376,0.14343125010317614,0.41743102079226646,2.169138047243195
669,0.32454276379765257,0.8566303617584428,0.2551636810069192,3.890040514782145
670,0.10944150373314177,0.29321478666643763,0.9582115127775195,1.133149965088
671,0.6502659951884829,0.16043015698278307,0.02319058947741337,3.3586827885449932
672,0.7165766789379153,0.5613727422274486,0.6101405182283373,3.97302137415403
673,0.9221843514908774,0.9897355551875088,0.8579934341055331,5.412898508335871
674,0.15621017738093668,0.04425298958312007,0.5931469011346219,1.0161161049659884
675,0.43703454140359654,0.08166431050544842,0.9393219359433322,1.6059424645310785
676,0.8051744219829607,0.3668843894393179,0.1813892698995616,4.181344969647616
677,0.36592026629604224,0.43023590990349847,0.015535532001218488,3.1878150416456545
678,0.9692800716906369,0.22377166768095236,0.9709027196629785,3.5263666646113125
679,0.8773421620842518,0.6587131643364623,0.9323064544240718,4.3765029426698385
680,0.5137025487264937,0.25405183964657885,0.3774454254414883,2.8287918198544397
681,0.9477555772192877,0.03296370742877286,0.3779298833684477,3.577746116861347
682,0.08658680954741405,0.6961184896749114,0.5283841574902779,2.501672495339243
683,0.42531664265850155,0.21891805588572955,0.07490622556517024,2.778338842124658
684,0.7054344035039609,0.728044449129199,0.5793793069100525,4.387035026424829
685,0.6043276038672561,0.041954529383060324,0.7300905591254622,2.217778575933957
686,0.20333644119528005,0.9580804106222466,0.9787609379720769,3.0564494121693797
687,0.06561307662982652,0.8246547232544699,0.8518901263389336,2.436585911686721
688,0.9647179820910883,0.731219905521178,0.4001610003620397,5.35204270971417
689,0.4438996425445363,0.9443458090286442,0.5142616056913195,4.2083018445139
690,0.19567142378858438,0.4938143849729739,0.5416523982593049,2.309897835538883
691,0.18259039833672763,0.1692745077376432,0.7911308267873576,1.2098266375669333
692,0.8222585009451411,0.1590828964259403,0.8003407679361527,3.094141975964121
693,0.5764290291272082,0.06990481791006709,0.2901385772028654,2.6439105549539264
694,0.3758809037182558,0.7460665922372253,0.30864757519929775,3.7141616165485325
695,0.24196651270285674,0.06487768750430734,0.025413356593913417,1.8926804002754252
696,0.114358651265419,0.25975358699721685,0.8254085573955459,1.1970513638937532
697,0.823720494174013,0.2969374988058283,0.713470050353863,3.5300351791827467
698,0.12885123728156656,0.044334110700503304,0.6703508267464305,0.8570381618495274
699,0.7588068380888191,0.43547640999775794,0.6562826681199193,3.7388288711409325
700,0.8170198584528147,0.8655666988040023,0.5883355093277698,5.05664081304068
701,0.09065299053732379,0.07090938492521648,0.9054079139701054,0.5738245199549071
702,0.4163510779755736,0.9784662186420875,0.21083045863298222,4.514388321898957
703,0.4683466889002984,0.8746766084000719,0.16935837116094188,4.452373216540133
704,0.28459909129274874,0.5387789709335105,0.6572519241130858,2.573492777098936
705,0.9677806138378052,0.040685545828849756,0.8296789120917227,3.205376793993817
706,0.6054403839796577,0.6485973967718662,0.9188224011611669,3.5489922427074716
707,0.2918496603950643,0.13791166683265166,0.3169793479479055,1.9333488003189168
708,0.6089592027709699,0.9690036056621014,0.7451669138952178,4.534219708572945
709,0.8571709252829158,0.36338250040694065,0.21320441238940002,4.296764614476699
710,0.19451896502051935,0.9104297615229988,0.457786427666249,3.431844871202806
711,0.30404855540032827,0.5233508334798911,0.4355771834393799,2.8149455664613323
712,0.21758007723137596,0.8035975980560485,0.06842487475746362,3.6233093520767854
713,0.3785265461867685,0.526496727978312,0.17566940977177414,3.3061520487343112
714,0.865527971656907,0.8572846061595144,0.9710179497803312,4.798777480589176
715,0.8211415577267558,0.7036955539847757,0.029842821610944092,5.222820736531263
716,0.9377496967048008,0.2216883203376535,0.3844794841972643,4.012990406761272
717,0.332769473761383,0.12225476831286464,0.8122755003117492,1.5216698417545613
718,0.6329877779171026,0.9375513371760859,0.5223710877014208,4.750470588990102
719,0.5140570495393056,0.40632670664125925,0.049034446823533195,3.5389534683975317
720,0.8921826116824559,0.2475586308537283,0.934812398306688,3.3906320138750004
721,0.2105233051826897,0.5039588551492467,0.13991349692113708,2.7815535565000484
722,0.9101816143876635,0.9673553017954866,0.37514659767043423,5.803786499981273
723,0.19354549153089784,0.20870323158352333,0.7039970520597286,1.4283975014917731
724,0.5736880996842679,0.7504121104192212,0.036069461924941426,4.591025113175916
725,0.18041587776575752,0.14894573175595582,0.6357630307493176,1.3078489319378446
726,0.26039114226326154,0.9857174328873126,0.7262375633732923,3.549229445634774
727,0.4874237958782137,0.678081817763612,0.06393978427668046,4.123536147766991
728,0.9305725799765729,0.8996117660653438,0.13000857613546257,5.940738578957615
729,0.3125518343342083,0.146313172795297,0.1179298785786268,2.2155085564122405
730,0.12948865688049926,0.2098784769544464,0.20724204137313373,1.7359201216544802
731,0.8402837266338965,0.15464379807116935,0.5112416153492888,3.426219059730324
732,0.4963054010177328,0.19910301181211,0.46213428811523904,2.5545394444682343
733,0.5715260170804012,0.9433520966507458,0.22446271189395217,4.878495580974117
734,0.6367912978370625,0.6191847841041255,0.7126616230841799,3.7756742306873208
735,0.28954876068754176,0.6871826440124748,0.81532599757842,2.801276894515392
736,0.6347720455403089,0.20211262201912217,0.8403152396717525,2.599282451996979
737,0.12896743442398295,0.04263709955557049,0.3486685358367194,1.1748265163241556
738,0.7512102354218376,0.7686517652942391,0.395686072816956,4.809574046684156
739,0.12637653753277267,0.7865256720276719,0.2083506348177666,3.167093157849731
740,0.3921941656709548,0.2195252237410431,0.4486442014487192,2.3067513549167526
741,0.5083659968613,0.7258147848392159,0.1276539069895647,4.241981045692375
742,0.1972244944111643,0.6988370839676648,0.1406921491810761,3.2280740439715787
743,0.2173917438604016,0.07663879815151686,0.054707334314034295,1.8190648926459627
744,0.30473906797928685,0.4338366872463213,0.10776334715119018,2.9210455749024735
745,0.5695693704348485,0.8248642557336743,0.5815827238588568,4.219286026779874
746,0.38699873464446666,0.6757753413574846,0.1520828487367082,3.728351708590403
747,0.8818292859613976,0.11886680478714251,0.6529632034189169,3.3196916664331324
748,0.762798799100788,0.31169707899321286,0.8691695742128916,3.2284695205725042
749,0.7309826072505751,0.9160581024316327,0.5226127649824821,4.990480312848325
750,0.9541180902342017,0.1086274498523323,0.6739353326706478,3.489987562662788
751,0.09900272816511446,0.24706884546286345,0.8861441513050697,1.0585361468474324
752,0.3433787878478216,0.6441480768937298,0.9062829682720221,2.764223587505767
753,0.7774560086227829,0.6991174980046151,0.4070976863609832,4.703064084518903
754,0.7661398095542727,0.11436344397219289,0.9689556948830633,2.6453723437102368
755,0.9938079535934923,0.16149319228303283,0.48070028183563396,3.9344565596524244
756,0.7083714931610205,0.3063745107259277,0.6924115264312815,3.2286392298665993
757,0.5598944985996755,0.7182545064177829,0.9609522941588446,3.544367467684639
758,0.6910317470341351,0.2897682490452913,0.535533719311958,3.291982144403675
759,0.2896321729139876,0.5101295577769823,0.5641684372080545,2.6100519759763636
760,0.7872500169532423,0.4437678390981248,0.7201452087335748,3.7810244398714636
761,0.15102038665235162,0.9158546393888821,0.3214277958255325,3.4512699626037278
762,0.8174802784355861,0.35078520487327913,0.5270491272618612,3.832354720228095
763,0.9777571748226931,0.09254474516050037,0.7425544626190833,3.452078924750247
764,0.021370510313053925,0.5845170084914258,0.5837943109668758,1.9716097412008506
765,0.12775368432844825,0.27770677242876207,0.7019829824285222,1.4055450016287276
766,0.27956218351838813,0.06462039513680118,0.12472518888008255,1.9055123495170847
767,0.44709769269532484,0.08630055622857125,0.7184085847556902,1.8686358839017123
768,0.02382031604279411,0.33169232175267793,0.8780313356440798,1.0526604168659974
769,0.32558529748570997,0.38883714176194994,0.9498223548427406,2.0290263920192637
770,0.8081575130877168,0.9463293009591723,0.9978940312645691,4.822401760396512
771,0.7079021332670254,0.76735529879244,0.3982380907091245,4.673856556073051
772,0.7776741243261818,0.6299922458287456,0.252677423528356,4.685325564022054
773,0.9908887084710452,0.051352454793900826,0.841816725774907,3.28923053662298
774,0.44827757371647625,0.9571417961368193,0.41079259914500643,4.356894612346471
775,0.9281252559450038,0.34666944866940275,0.1779397414026771,4.503109648105841
776,0.669060216751136,0.5474079017016352,0.9373456327042975,3.4683547718031984
777,0.506927326692334,0.8595955282856153,0.9268482252598749,3.7729225755311653
778,0.5880857782789933,0.57662181146229,0.940967059734076,3.294844803758629
779,0.07253931730417174,0.10047158982511595,0.5628092972177109,0.9359876292575942
780,0.09300801739021747,0.893815004829099,0.08156547139533377,3.461996092848066
781,0.8235657817969128,0.4937629880044555,0.23387773942457768,4.5012270759773
782,0.8935722492713047,0.4363442902795437,0.6185350579243997,4.183042415588374
783,0.6683226418660145,0.6836961083463524,0.9610272094606241,3.7831809870033006
784,0.5397413293439424,0.8283175832532677,0.7822006809007355,3.9378172652642607
785,0.11844815486363414,0.32249078960161126,0.600708138449332,1.5908633001455985
786,0.7642980297263446,0.1675743782617296,0.33323444538604785,3.40859558944731
787,0.018712667594150578,0.46923352521981565,0.5276985334011791,1.7315232824308116
788,0.5808379246422557,0.5937556163658907,0.07496614691632197,4.181936667925172
789,0.3427662881802094,0.20793397617803921,0.5225992735975874,2.0555345313881386
790,0.936933700150302,0.7759775610790521,0.2285761794440463,5.5521688237044895
791,0.900488927836465,0.23550331831927984,0.4322002457391352,3.8880248335684593
792,0.10908639488461569,0.2757606005187797,0.44218932024175794,1.6044713657090384
793,0.534908028443099,0.17410186389574211,0.9489102900599476,2.1210684550087042
794,0.6844076777309297,0.82193526483187,0.5921778868434572,4.545883308429008
795,0.7259152049901694,0.14035527282931903,0.3793189312146298,3.1793148658291757
796,0.6696977471977518,0.01169617208052609,0.6506782301927156,2.4176554416018545
797,0.6816915275848381,0.030169097873502304,0.4369053808543075,2.7135919465839624
798,0.8604305293360357,0.48239046316590806,0.9800389897571828,3.837228756165694
799,0.28407891774765515,0.9206060902850716,0.9562303564418738,3.22752162251377
800,0.7433982096852689,0.7254216129875839,0.8607169697776554,4.213031691747111
801,0.7739623931714359,0.5738232816838458,0.3462807705399298,4.440164613183993
802,0.6223345335341168,0.3569478894709689,0.21214381430704699,3.577229509972726
803,0.2759295442083044,0.07445971394714013,0.4503132511501289,1.5936246663426346
804,0.11938202847353974,0.2621094968463441,0.7477535389184607,1.2956662886180188
805,0.8705602160696848,0.9347980521377527,0.7686905675559038,5.209985210997533
806,0.98330041324596,0.8832393988729405,0.12181874393851477,6.0661809929817165
807,0.26337177643766907,0.6778737487197322,0.8829969993338449,2.6318027017784926
808,0.4016909440654608,0.9119550628358142,0.18212631359967157,4.332834175686246
809,0.9267033296124054,0.7515706369352498,0.14704585848354834,5.541990722691793
810,0.034964274843593546,0.047399386926705755,0.49658903561916545,0.7568022562283796
811,0.5203423470335108,0.8542059504331562,0.20283433856035937,4.523707578623063
812,0.9452184334303859,0.40651520346583014,0.895845103908544,3.986098205047189
813,0.4655014293456068,0.6850540056788896,0.6454856646501557,3.4936536375838885
814,0.9215032139908385,0.6626018128844894,0.04878018148796315,5.402233992695776
815,0.8000516312201454,0.664898740457662,0.34805146490843153,4.744350279896159
816,0.516906934904299,0.7859651947881223,0.8078591002806405,3.7377746914025622
817,0.5616475471885488,0.6311506403143137,0.3701823438966474,3.922636898454783
818,0.8963240901607494,0.21390097906244998,0.7169262401352381,3.5367984780031354
819,0.4669105774574147,0.7587849404247531,0.6918891749845193,3.635804908449608
820,0.3079899419410502,0.842293920239118,0.6913963511567298,3.368308275264216
821,0.8357975177131189,0.5490428240861516,0.7076435278196267,4.202356085535109
822,0.6637283198248609,0.7918864618510721,0.8974467718849145,4.103454342217349
823,0.6715284938966629,0.1021963428066952,0.27215756852414486,3.027918770182582
824,0.6268653996775868,0.8566561722185472,0.6862849977753008,4.365951631803829
825,0.35684108201189013,0.12409878275425457,0.8917146407239259,1.5190555621973811
826,0.013279991690007376,0.43796464679977654,0.08498367587906741,2.0797679161903955
827,0.44004503862152733,0.15522471008215633,0.0902173017915413,2.6479795892784312
828,0.11090201001617506,0.11265948026124639,0.9800552051917832,0.6642995255098579
829,0.18334258262698944,0.9560927474163321,0.8265580424395613,3.1437015739822374
830,0.9592644912502917,0.24944881149442222,0.5266071102127814,4.004808392274149
831,0.23925730719756166,0.5803462169342609,0.6678524536569642,2.5307850102713725
832,0.21274898047549806,0.09464137946060669,0.47287536249172657,1.4319750275862844
833,0.5472816961347339,0.015033953198404615,0.703677931040242,2.005752040359971
834,0.9851599735099461,0.5827476789332432,0.6019353040891062,4.840413813773841
835,0.3537126413559435,0.9492104652938568,0.995876651780983,3.4682874355214897
836,0.03826567160674299,0.5318666442915916,0.15794949689882642,2.316514128650381
837,0.10001339583308633,0.7981238586776319,0.7695644482016956,2.555785385991643
838,0.034778841109662784,0.9367562026538307,0.6092225619701594,2.867004467993406
839,0.5356111534875558,0.5705622454829271,0.3972862178573877,3.665952856312597
840,0.5331547312062508,0.4663134759356138,0.6888385746808123,3.1064093087769744
841,0.9371124525856032,0.6557659804574144,0.0336748564555438,5.447077452444803
842,0.17698027493384694,0.2765276867089095,0.9395952232147518,1.3126648183590628
843,0.7783138525130071,0.9263930483751923,0.2348899741251298,5.446034204351872
844,0.4052761762351862,0.15106245988221645,0.8594863119954506,1.763998366415649
845,0.09222413278065922,0.363127173416658,0.8654626770126053,1.3490276548710174
846,0.15881802927894895,0.9083341894275312,0.7582937372280133,3.0189958241776615
847,0.072663157125605,0.5308391683986508,0.18835247574318636,2.3867349166302554
848,0.5916951939237217,0.14729788587164128,0.3421044070574527,2.8312258893928157
849,0.09418590891306822,0.4699801925398983,0.9223411521748754,1.565167055914075
850,0.7563744458158248,0.6186565435228703,0.7818609434413155,4.063903752813335
851,0.6532132887958795,0.1371518751482934,0.3412470061983629,2.991272548060009
852,0.13736728678283305,0.9383793265734793,0.1880554550450253,3.5999947217371724
853,0.4058519174144003,0.4015908469911166,0.575050629165914,2.676482240555078
854,0.5632177334163825,0.7183261707174083,0.7940949028603503,3.721373724182318
855,0.9274087843531187,0.3951113096107026,0.2955825167457543,4.504422110340358
856,0.4870886181687838,0.46606794466154233,0.44999381422336404,3.2064419019368433
857,0.5962421600972612,0.7348849398777212,0.4905936432468925,4.165345186739194
858,0.9146887287933507,0.4279320278088693,0.4927290574997365,4.351167198402489
859,0.9021277093804526,0.8319775524732521,0.40140294918320585,5.414924060141282
860,0.1976940660461406,0.010906143296397941,0.3536690964830883,1.2966784598963284
861,0.09105867912682108,0.3898044534644388,0.05402765722690228,2.2236595138146575
862,0.15785473085329393,0.15041991306170055,0.7261412848481484,1.1534726903659849
863,0.5619137013545231,0.22241282025316078,0.6836625829099219,2.5881105717865496
864,0.6476204094533289,0.11595852122392591,0.07306418981801543,3.1896933416017856
865,0.36010549483759935,0.8841969032554801,0.9015710658940463,3.4192376767574517
866,0.374930169199325,0.020335525260125276,0.2865208469064807,1.9191084738418074
867,0.7768527429502505,0.4739267185392686,0.7560035998156901,3.7893714253832327
868,0.028086235439236718,0.31822510863472697,0.5920728582186224,1.3177486196859052
869,0.42926807558934765,0.8192114135607652,0.9936882169729591,3.372144543696997
870,0.418237684339513,0.07015049511043026,0.2792825903250101,2.1808067004696046
871,0.6812038510942661,0.04855785321209738,0.35760991004614917,2.837396276266892
872,0.2992352048685063,0.5052998133847628,0.6462593570987443,2.544695790968682
873,0.3859593727847932,0.6128293477305524,0.5136536733701405,3.2062978143106196
874,0.04654863353862948,0.3618728827340517,0.6001746895560157,1.4741534178950018
875,0.9694535676114145,0.8759039856042602,0.0007258798148086498,6.127394787030085
876,0.46482758677594693,0.9805681588730096,0.5088792030960158,4.367023954414349
877,0.2982177121091071,0.6381817755715088,0.9586643341393287,2.561443241116764
878,0.5158698637824733,0.41606296774938556,0.11184899509390378,3.50591801562698
879,0.12229489427897822,0.6964186933217053,0.05450015123789165,3.083431264903306
880,0.45164891782295136,0.10262996149358383,0.5356459067089462,2.105875750493867
881,0.6204903307394698,0.6465512348302118,0.8042072931439163,3.7036417861500226
882,0.744772424634078,0.27077495656275885,0.5416061716528362,3.399648493656295
883,0.21191344279022473,0.5174370954440916,0.9417291513044602,2.0176039156764425
884,0.4993792228992625,0.5532612720743113,0.7501113349866383,3.1611795138969274
885,0.4790263568694223,0.5162756139673954,0.9632828516258237,2.7944852539009317
886,0.5535802284875647,0.4885581968952082,0.8465417845982586,3.065594393102456
887,0.6928813624550562,0.2236607844642351,0.004695453679337547,3.663100594846419
888,0.624297424948984,0.3612552660798032,0.8425505104337618,2.963479929612698
889,0.0709579588197703,0.8060245481224116,0.8797734208569957,2.3781618259083444
890,0.9969205660105237,0.30266246000114716,0.7339829594081327,4.043434888626307
891,0.09886894872676999,0.0900060049689605,0.3548914768278161,1.196730381774895
892,0.5566918876831876,0.9677675339575914,0.007702417756469848,5.1117920801870715
893,0.2843445206436003,0.16685934089656873,0.6004304134486854,1.699751500723537
894,0.6027508869000423,0.3313044652991801,0.9914567856771421,2.675057038270935
895,0.712360548210646,0.748586802493534,0.9694350200057062,4.069113630860067
896,0.8276342177694895,0.09133973771785087,0.15537639716153895,3.585875600441557
897,0.8709972700156589,0.012273839590729474,0.524573036707411,3.149103372316389
898,0.4046714465887561,0.48163721010666094,0.5264790232921833,2.9216283417407367
899,0.5846786741496963,0.90699081133699,0.6513208919957245,4.400192158795839
900,0.3427864947410505,0.8229494141838936,0.8100582253238944,3.305674794358991
901,0.9904527559952389,0.8980805206500835,0.3866228265412016,5.859936743069724
902,0.7612470170694778,0.14083633039989885,0.3753079943469676,3.290523882861213
903,0.7828866880241028,0.08337711185624908,0.7901131885882094,2.796989655124721
904,0.4419558584240143,0.4026323645221078,0.9981219658861438,2.3643265206911686
905,0.6233939781485318,0.5541874834295949,0.9664283219851016,3.3192223210344807
906,0.7973030755811175,0.4981622786773241,0.08792386316461076,4.579391060272052
907,0.6047555376678887,0.5183969091001032,0.9598856361492224,3.1803732496047012
908,0.8247556846622677,0.816333498660039,0.506961074039892,5.0381397265970085
909,0.6940954055585644,0.8895420613304243,0.05671507719912683,5.279426292802627
910,0.715778885707591,0.17252949800270656,0.5679352899777098,3.0407251121518293
911,0.5426484389452629,0.16422936863823123,0.12266670628171794,2.945852032149648
912,0.22582631930458386,0.17184852444273357,0.8954591617297162,1.2416411072908693
913,0.555588192519819,0.7739501777037648,0.030632975652560845,4.601007046166308
914,0.5885397639633093,0.525187790870089,0.7623020086157053,3.3462867604494453
915,0.990650356306315,0.21236286535463933,0.03989922269097024,4.492959009614574
916,0.9294363266461921,0.9999495296869579,0.19224187471828924,6.125940929437682
917,0.5976216881063582,0.14339117545880542,0.10349527938234526,3.0778477235837425
918,0.029287476768033782,0.6142978658104312,0.996155419670046,1.6574516751601334
919,0.10600103248369719,0.9831723060771441,0.11330264294799086,3.692631219695961
920,0.3499830729315937,0.8974126167005084,0.9434769964756529,3.380003764070399
921,0.17655120218236509,0.9433983951337128,0.3571591006046322,3.5609904937767447
922,0.6730924984806071,0.6539829189188997,0.5981668154529569,4.086067977286114
923,0.7561206264956183,0.14939483930144204,0.8621944481712165,2.809654529569243
924,0.579671204105858,0.7725848942686768,0.835467555814395,3.865008292174871
925,0.3839115507002524,0.7554741894189467,0.17596335754187187,3.894456768106252
926,0.034048960689994856,0.15119541843723106,0.27369005044103223,1.2364453777220301
927,0.1667776541823377,0.7646444206315272,0.49136036902471114,2.9505836451011196
928,0.8874129914903452,0.1774380543179862,0.9956433113868797,3.1401907988791216
929,0.8340511147664027,0.3937220002101576,0.0242581816382611,4.492200163186341
930,0.005785697932410461,0.7289458568122505,0.5983983336998848,2.271323402127973
931,0.6646476992020091,0.3660020152339193,0.1087386271764974,3.830209508514328
932,0.6439681150074533,0.17492895890064275,0.6196196733434302,2.7796070689305363
933,0.2279981092772272,0.5281255297929408,0.21470446636236462,2.8196036859516687
934,0.5236536760491549,0.011754176758389967,0.6209174694345555,2.009429000608884
935,0.9895560618149042,0.19143384996807733,0.5975112104141808,3.879741599950725
936,0.925527643803474,0.2351541117845466,0.8552386076854481,3.53922960318634
937,0.740938560661396,0.930459786657903,0.933492602263333,4.645472546365613
938,0.8134179985324047,0.8126726741782022,0.5349608999391258,4.966974781103594
939,0.5587016653849182,0.6084161537582288,0.48353526820975845,3.743610112340568
940,0.865223957290555,0.5934591807847105,0.4845566462808647,4.624763177552577
941,0.8484917418408754,0.286230244448067,0.6321790725369699,3.658871764105823
942,0.42438194167418397,0.5076584603780193,0.8129831107914312,2.7593088651761692
943,0.20357531159882014,0.48917484287756485,0.5443918613681624,2.3192711806222097
944,0.023499446205925034,0.28711794064118545,0.5375462365248537,1.280746953695885
945,0.7670867613181444,0.9545104048556083,0.9469358657773995,4.770600430316054
946,0.7698148918042396,0.10299606175278353,0.033024201715619816,3.5639106280790576
947,0.6892970706727801,0.6667517406055034,0.3453879534875681,4.41938261004453
948,0.8882704431653037,0.720134852128198,0.43486614360969067,5.060282316206716
949,0.6648270248657594,0.023103404786504078,0.40061341559372465,2.6816261709698135
950,0.6511148005783793,0.4664937677668447,0.30367343689506066,3.8459053842571893
951,0.42883239898663184,0.03209427596997094,0.428271428978679,1.968461457906144
952,0.6711905289894979,0.6770279747770319,0.057996810238066576,4.678144713673007
953,0.9719070493306896,0.3744133374774703,0.4891580022903266,4.392596489395419
954,0.15670642428883863,0.160557606297135,0.12946770847220157,1.7720455801371517
955,0.6257016108929317,0.2698290790054808,0.45146157874375514,3.130215951448742
956,0.1137838787701031,0.8745873056672957,0.11638970826166073,3.4414301922168877
957,0.39139909049959976,0.9967866031721376,0.559038204445268,4.137125574983876
958,0.17392426156581609,0.5776512085167165,0.9776087624479531,2.018292043541286
959,0.30984284671652995,0.6349203770732746,0.5224923694719744,3.0243371133608017
960,0.9291448170002672,0.2039131184768186,0.02958657297745748,4.29763067421539
961,0.8132843107217811,0.34899789299297057,0.8021525755559636,3.5401950890918057
962,0.4513476994008079,0.08544172544171413,0.2843478469846107,2.313299564822098
963,0.8259104913536198,0.09192189625785241,0.98050481439812,2.7570314003073704
964,0.6179912799190358,0.5045938686612879,0.31228811976655835,3.8331703916437685
965,0.7629811112942614,0.33224176693073004,0.4919288347281535,3.657618916481456
966,0.8704244382162668,0.26153310042060274,0.5038872679966314,3.7912187977036758
967,0.6474939123948681,0.4594947267179311,0.083804648894799,4.037413905084633
968,0.8930734312337503,0.6494978770918984,0.16500529627142568,5.167959690159571
969,0.11243202633513172,0.19255814880152777,0.03294020548015819,1.8157512455290565
970,0.31685776916108976,0.14894260095504808,0.6147355860735771,1.7381942237973125
971,0.4770702620858832,0.24647957063406345,0.1196333684971499,2.957776344345658
972,0.5998661996171996,0.47340013727396957,0.5819683156313326,3.43113062640519
973,0.6863734319051811,0.8343999862349023,0.6749212147488087,4.50019904655399
974,0.22914865094962922,0.6073780180289673,0.6596966247209478,2.576194373200358
975,0.7997509112889687,0.0016661982643033646,0.7671606479250865,2.666257581602578
976,0.8598047601313986,0.4549291722212102,0.28809790462260565,4.458639306324616
977,0.3880899081250937,0.9335232899191471,0.8946353840446996,3.633442565128449
978,0.9052444036478862,0.10682369216529664,0.13249801351101687,3.880294427845883
979,0.8905844858478557,0.6776489195380533,0.007913898301966094,5.387961858086734
980,0.8704609696300338,0.2581906128581869,0.657936346911021,3.6289230941245476
981,0.2966854359699316,0.7270477483327115,0.8890001245620517,2.8486755541795215
982,0.6209822585195501,0.48735459851445284,0.7055619998441948,3.4057712720005875
983,0.6080042078827956,0.5856896258439983,0.6690145443128108,3.6492221439455714
984,0.7518845883958422,0.19569231995215586,0.8211840223876307,2.953700542680285
985,0.13514587796273458,0.5816293758740401,0.1908778819554573,2.6986331916178465
986,0.5036667559012157,0.5731540709801415,0.3609059167073272,3.6129795284466732
987,0.17745971918660197,0.15690013957778914,0.7675352544391543,1.1870942520651246
988,0.03327747873103071,0.1809072200586973,0.25938754760901384,1.3227129387308214
989,0.7984017768042332,0.46016847584479437,0.32941690483906705,4.246209615185619
990,0.4125683957263109,0.910640316162755,0.9621859363257225,3.5821200412600978
991,0.2500658379809576,0.6710859971563302,0.5571903247726581,2.90072218206104
992,0.007479806962467417,0.843763635534579,0.9704681395267735,2.1913803701970758
993,0.49807200743354385,0.10768822773545128,0.6293612054347577,2.164075386204502
994,0.37503031995669134,0.8904608060239101,0.30283259151129405,4.0784103834185546
995,0.8250136059402181,0.7787978150077965,0.8921531291612794,4.559882226178867
996,0.8468863758044721,0.02308863331567379,0.26244852525448437,3.3659321854481163
997,0.9777811518482867,0.14388285364341302,0.3126197981941651,4.010430791459227
998,0.4338615075869271,0.7192318842212948,0.6413166684004347,3.4883475649135836
999,0.018261525027485792,0.8392975297692237,0.6127375713962846,2.570290828109232
